{
    "TM0333": 29741.334499999997,
    "TM0334": 24474.094200000007,
    "TM1698": 44917.396100000056,
    "TM0166": 48867.90970000002,
    "TM1255": 42420.41000000007,
    "TM0348": 56384.69450000004,
    "TM0335": 42632.39770000005,
    "TM0349": 16565.846599999993,
    "TM0161": 31023.6955,
    "TM0920": 39942.529299999995,
    "TM1387": 20330.687300000012,
    "TM0201": 67651.75400000023,
    "TM1214": 20958.766300000003,
    "TM1211": 50843.57890000011,
    "TM0317": 79388.45600000043,
    "TM0550": 38046.4111,
    "TM0717": 15130.556599999994,
    "TM0010": 66080.71150000008,
    "TM0111": 42658.54099999998,
    "TM1215": 20924.750699999997,
    "TM1784": 30344.25820000002,
    "TM1783": 43048.144700000055,
    "TM1559": 27284.959500000008,
    "TM0960": 32654.048900000045,
    "TM0716": 56414.16490000002,
    "TM0274": 44803.32609999999,
    "TM0549": 19442.408399999997,
    "TM0548": 64430.563200000084,
    "TM1216": 42044.353300000024,
    "TM0012": 19957.790899999985,
    "TM1785": 42883.73839999996,
    "TM0291": 45446.924699999996,
    "TM0692": 19291.097900000004,
    "TM0292": 18733.454400000006,
    "TM0802": 43839.67920000003,
    "TM0936": 45771.97320000006,
    "TM1479": 25168.896000000033,
    "TM1564": 10048.363599999997,
    "TM1105": 50537.91720000001,
    "TM1099": 22848.962000000018,
    "TM0913": 29804.546600000023,
    "TM0401": 20653.653600000012,
    "TM0655": 14784.55849999999,
    "TM1689": 24036.40050000002,
    "TM1212": 70409.12520000027,
    "TM1095": 49872.58350000004,
    "TM0889": 42199.46970000007,
    "TM1384": 19765.907700000007,
    "TM0428": 49377.30879999999,
    "TM1733": 29241.21500000002,
    "TM1770": 67396.1045000002,
    "TM0645": 32696.69880000002,
    "TM0814": 40202.01230000008,
    "TM0305": 79495.4033000004,
    "TM1096": 44515.32770000001,
    "TM0172": 44849.17250000003,
    "TM1253": 64918.86230000015,
    "TM1782": 37935.205800000025,
    "TM1525": 31733.61710000004,
    "TM1693": 28696.466700000026,
    "TM0877": 46869.83230000002,
    "TM1129": 24165.58840000003,
    "TM0097": 23796.173800000022,
    "TM0273": 34923.03630000002,
    "TM0402": 46426.76480000004,
    "TM1415": 28646.371399999996,
    "TM0882": 47030.85550000002,
    "TM0788": 47154.00000000002,
    "TM0475": 24694.861400000027,
    "TM0809": 52377.33660000006,
    "TM1249": 49866.75370000007,
    "TM0446": 18617.453899999997,
    "TM0307": 54192.16270000009,
    "TM0191": 29142.747300000025,
    "TM1645": 30180.543900000026,
    "TM0447": 42559.685,
    "TM1433": 44861.487200000025,
    "TM0078": 28723.163600000044,
    "TM0156": 48167.69970000001,
    "TM0190": 36981.63720000003,
    "TM0259": 34249.15560000003,
    "TM1596": 29172.693800000023,
    "TM1737": 33371.413400000005,
    "TM0079": 34971.53390000004,
    "TM0080": 35988.40810000002,
    "TM1662": 28074.737900000007,
    "TM1396": 98096.9555000006,
    "TM0528": 35327.51110000001,
    "TM1136": 32108.906199999976,
    "TM0189": 40069.5096,
    "TM0040": 31638.231200000035,
    "TM1135": 40129.64289999997,
    "TM1878": 56488.99349999994,
    "TM1137": 39878.05780000001,
    "TM0857": 33613.36790000003,
    "TM0412": 43316.41140000005,
    "TM1097": 35361.39170000002,
    "TM1138": 32265.29430000002,
    "TM0828": 35867.95400000005,
    "TM1139": 26190.4795,
    "TM0332": 22808.44970000001,
    "TM1845": 96260.61960000059,
    "TM1840": 65067.00250000015,
    "TM1535": 33857.97549999999,
    "TM1560": 22713.037800000016,
    "TM0141": 64268.72940000023,
    "TM1164": 61457.27840000008,
    "TM0306": 52204.59449999995,
    "TM0540": 30553.99640000004,
    "TM1766": 58536.89310000009,
    "TM0142": 52239.29540000009,
    "TM1828": 38865.22670000009,
    "TM0541": 18172.93709999999,
    "TM0405": 29678.816600000013,
    "TM1165": 31750.08710000002,
    "TM1629": 49009.907200000016,
    "TM0331": 20442.625699999997,
    "TM0276": 56657.70290000003,
    "TM1873": 43790.134699999995,
    "TM0406": 22739.383100000025,
    "TM1287": 13270.028299999987,
    "TM0155": 40664.88740000005,
    "TM1093": 62480.73410000016,
    "TM1432": 53628.51250000006,
    "TM1780": 46053.34140000005,
    "TM1077": 32756.307000000023,
    "TM1273": 55434.94660000001,
    "TM1523": 36621.00330000003,
    "TM0813": 37370.770900000025,
    "TM0293": 46403.712100000055,
    "TM0252": 11308.862399999987,
    "TM1155": 57535.61560000006,
    "TM1272": 52527.89799999999,
    "TM1755": 40167.04010000007,
    "TM0235": 33813.988200000014,
    "TM0209": 34486.54900000003,
    "TM1190": 39588.65160000004,
    "TM1642": 60771.661800000016,
    "TM0547": 81433.92910000037,
    "TM0939": 12837.740199999986,
    "TM1643": 26639.65060000003,
    "TM1518": 43814.88650000005,
    "TM0282": 39849.538000000015,
    "TM1751": 37383.06660000004,
    "TM0289": 46464.3229,
    "TM1192": 63655.723600000136,
    "TM1400": 42105.1978,
    "TM1441": 66494.14880000026,
    "TM0184": 46948.17899999998,
    "TM1752": 39300.4326,
    "TM1385": 50491.89100000002,
    "TM1624": 92372.00080000045,
    "TM1749": 36330.18499999999,
    "TM0444": 51127.82489999998,
    "TM0327": 36039.35730000002,
    "TM0689": 71584.19160000028,
    "TM1154": 25324.853800000015,
    "TM1042": 23511.118800000026,
    "TM1746": 73658.4612000003,
    "TM1043": 31288.21020000004,
    "TM1774": 44274.496900000035,
    "TM1747": 37976.91330000003,
    "TM1748": 31655.45880000003,
    "TM1750": 37152.14030000001,
    "TM1611": 31910.69270000002,
    "TM1615": 8648.229,
    "TM1614": 19295.089800000005,
    "TM1227": 76930.69940000027,
    "TM1374": 23249.53260000004,
    "TM1616": 31769.531700000043,
    "TM1612": 56061.094900000055,
    "TM1610": 51240.1763000001,
    "TM1861": 20004.612200000003,
    "TM0896": 39482.48770000002,
    "TM1613": 21538.723100000007,
    "TM0821": 37874.07180000005,
    "TM1609": 12329.031699999992,
    "TM0822": 90072.33750000043,
    "TM0224": 26273.508500000033,
    "TM1191": 37632.85770000011,
    "TM0076": 86847.74000000033,
    "TM0862": 39338.10030000001,
    "TM1263": 29507.637000000013,
    "TM1264": 30556.08,
    "TM1262": 29617.984000000022,
    "TM1261": 28515.643500000024,
    "TM1202": 95231.04150000063,
    "TM1204": 43017.29670000002,
    "TM0025": 81072.97910000039,
    "TM1203": 65768.1433000002,
    "TM0688": 36424.59930000002,
    "TM1269": 39798.824499999995,
    "TM1756": 42021.841900000014,
    "TM0261": 42693.48450000006,
    "TM1281": 47626.200800000035,
    "TM0473": 32126.364799999992,
    "TM1724": 26401.210700000003,
    "TM1754": 39282.97260000005,
    "TM0917": 32198.990199999997,
    "TM1248": 23597.285600000014,
    "TM0883": 27154.006800000003,
    "TM0472": 21177.513900000013,
    "TM0720": 47457.078800000025,
    "TM0800": 33672.68369999999,
    "TM0148": 68081.19440000012,
    "TM0801": 15299.82769999999,
    "TM0895": 55455.72770000001,
    "TM0798": 32965.613200000036,
    "TM1062": 65682.08230000011,
    "TM1169": 26192.158200000013,
    "TM0558": 42929.82540000003,
    "TM0016": 11257.120299999993,
    "TM0018": 36384.45000000002,
    "TM0015": 21269.3911,
    "TM0017": 44111.00240000003,
    "TM0557": 121315.37250000057,
    "TM1383": 30056.038999999997,
    "TM0434": 54619.83410000003,
    "TM1226": 65450.88850000013,
    "TM0055": 78627.84650000033,
    "TM0174": 77045.44240000047,
    "TM0240": 47138.12260000001,
    "TM1220": 36685.6731,
    "TM1222": 37507.14729999998,
    "TM0587": 61363.21880000016,
    "TM1687": 43804.09760000001,
    "TM0272": 98163.09970000069,
    "TM1219": 36063.43960000003,
    "TM1221": 31305.24840000001,
    "TM0239": 42241.506400000006,
    "TM0167": 43252.81780000005,
    "TM0031": 69940.94120000019,
    "TM0344": 28779.700100000035,
    "TM1524": 29832.34680000002,
    "TM0943": 50034.590299999996,
    "TM0294": 38319.57869999999,
    "TM1250": 44325.25349999999,
    "TM0030": 37908.72559999997,
    "TM0029": 31205.856000000014,
    "TM0024": 72539.19740000021,
    "TM0139": 23040.2767,
    "TM1251": 34480.39420000002,