{
    "TCDM_08300": 81020.01120000033,
    "TCDM_07981": 30007.5939,
    "TCDM_03402": 33757.40329999999,
    "TCDM_05651": 30658.687400000024,
    "TCDM_05015": 38945.16000000003,
    "TCDM_00967": 38482.36910000006,
    "TCDM_06395": 38188.470500000025,
    "TCDM_08090": 55825.44840000013,
    "TCDM_14522": 11437.819899999984,
    "TCDM_04251": 34654.09900000002,
    "TCDM_08665": 41072.39490000007,
    "TCDM_03646": 29881.241500000026,
    "TCDM_02498": 67924.95580000024,
    "TCDM_06394": 17327.7092,
    "TCDM_07055": 35039.67460000003,
    "TCDM_02932": 56403.386500000095,
    "TCDM_04173": 38247.06070000003,
    "TCDM_00869": 46032.42140000003,
    "TCDM_11273": 19595.227799999993,
    "TCDM_02901": 41213.281900000096,
    "TCDM_01713": 122034.39340000054,
    "TCDM_06126": 109649.2112000008,
    "TCDM_03633": 44902.21260000006,
    "TCDM_04904": 116476.53010000076,
    "TCDM_00158": 52022.53020000001,
    "TCDM_04713": 84594.08860000047,
    "TCDM_01307": 39026.45010000001,
    "TCDM_14453": 17287.5892,
    "TCDM_01240": 34650.484200000064,
    "TCDM_08056": 36446.197900000014,
    "TCDM_08491": 63541.84630000018,
    "TCDM_07253": 72730.96520000025,
    "TCDM_02490": 65126.42040000027,
    "TCDM_14025": 65987.11990000027,
    "TCDM_09037": 38413.14380000005,
    "TCDM_11574": 28671.889200000012,
    "TCDM_00120": 27218.22380000001,
    "TCDM_02935": 42340.99450000005,
    "TCDM_01624": 39548.262700000014,
    "TCDM_02896": 40834.87630000003,
    "TCDM_08914": 27421.904900000012,
    "TCDM_04347": 78891.74290000048,
    "TCDM_07491": 43441.61680000001,
    "TCDM_01953": 35215.629900000065,
    "TCDM_08637": 101006.26490000059,
    "TCDM_04472": 70795.27070000027,
    "TCDM_08452": 42808.01980000002,
    "TCDM_06074": 26602.4904,
    "TCDM_01555": 66680.0646000003,
    "TCDM_05295": 91445.73220000058,
    "TCDM_09940": 62428.12860000016,
    "TCDM_06724": 76894.72490000035,
    "TCDM_04396": 57025.7200000001,
    "TCDM_01746": 66766.2274000002,
    "TCDM_01381": 25843.411500000006,
    "TCDM_04552": 90700.50530000043,
    "TCDM_08240": 38952.043100000075,
    "TCDM_01382": 24336.94120000001,
    "TCDM_01513": 37991.3965,
    "TCDM_02507": 44985.71380000009,
    "TCDM_01902": 75779.3786000003,
    "TCDM_02508": 54683.84350000002,
    "TCDM_08690": 68351.86110000036,
    "TCDM_02681": 31441.646800000024,
    "TCDM_08877": 36446.43200000007,
    "TCDM_14420": 24452.029400000014,
    "TCDM_05590": 35045.401900000026,
    "TCDM_02510": 13939.431399999978,
    "TCDM_04158": 29365.192100000033,
    "TCDM_13973": 22371.27370000001,
    "TCDM_03235": 28350.980800000023,
    "TCDM_13770": 25610.838400000004,
    "TCDM_14202": 16353.688099999988,
    "TCDM_09871": 52402.77120000009,
    "TCDM_04526": 78769.4222000004,
    "TCDM_00553": 33436.608300000014,
    "TCDM_07353": 147026.73370000042,
    "TCDM_07701": 52477.639900000046,
    "TCDM_04758": 35516.8123,
    "TCDM_02525": 28573.22119999998,
    "TCDM_07809": 117605.19870000081,
    "TCDM_08771": 164842.2569000002,
    "TCDM_06503": 62239.502600000094,
    "TCDM_00105": 38846.24200000005,
    "TCDM_06911": 74431.2360000003,
    "TCDM_02792": 39389.817000000054,
    "TCDM_06912": 96759.94270000065,
    "TCDM_08325": 29733.0352,
    "TCDM_07659": 48606.196200000064,
    "TCDM_06652": 28792.18780000002,
    "TCDM_13070": 29814.826300000044,
    "TCDM_04788": 34147.98810000001,
    "TCDM_04024": 40274.30260000006,
    "TCDM_04894": 9358.445799999992,
    "TCDM_06585": 26810.29330000003,
    "TCDM_04261": 50096.35200000013,
    "TCDM_06857": 75219.87300000021,
    "TCDM_02290": 112402.88280000076,
    "TCDM_08241": 42219.426200000074,
    "TCDM_03631": 132631.7071000007,
    "TCDM_06392": 30986.488000000012,
    "TCDM_01885": 58829.53180000008,
    "TCDM_01832": 32048.92650000003,
    "TCDM_07647": 113722.89370000058,
    "TCDM_08242": 83386.17770000048,
    "TCDM_06962": 66876.16240000016,
    "TCDM_07688": 39432.878000000026,
    "TCDM_07304": 26598.63250000001,
    "TCDM_02367": 52574.13560000005,
    "TCDM_09578": 34692.19210000003,
    "TCDM_02303": 35013.92620000001,
    "TCDM_07113": 105611.28210000067,
    "TCDM_01945": 42416.11780000007,
    "TCDM_01016": 65608.73780000018,
    "TCDM_00813": 62719.28750000011,
    "TCDM_00812": 54259.51040000005,
    "TCDM_02781": 37833.31650000003,
    "TCDM_05356": 68626.23450000021,
    "TCDM_03187": 77318.04700000025,
    "TCDM_04684": 28086.656299999984,
    "TCDM_04768": 49718.06070000002,
    "TCDM_03948": 37834.13370000007,
    "TCDM_01578": 52650.02570000006,
    "TCDM_10742": 60370.27410000006,
    "TCDM_06814": 69033.16340000025,
    "TCDM_08350": 75336.62630000031,
    "TCDM_02494": 54341.94680000008,
    "TCDM_03696": 62641.12760000011,
    "TCDM_06816": 130882.74330000073,
    "TCDM_06815": 47164.72790000011,
    "TCDM_05264": 42668.49080000001,
    "TCDM_03694": 36674.27580000004,
    "TCDM_06359": 69178.7647000002,
    "TCDM_02337": 35340.86240000003,
    "TCDM_02336": 33785.54040000006,
    "TCDM_06818": 34562.09720000004,
    "TCDM_14107": 44073.92630000009,
    "TCDM_07176": 49622.46250000008,
    "TCDM_11157": 31727.902400000043,
    "TCDM_01880": 95188.38870000049,
    "TCDM_06655": 51282.74600000003,
    "TCDM_01321": 42459.17040000008,
    "TCDM_06208": 79756.37230000041,
    "TCDM_01320": 40230.839300000036,
    "TCDM_06407": 68741.07260000025,
    "TCDM_09463": 29664.63490000001,
    "TCDM_07463": 81539.74990000053,
    "TCDM_06206": 78219.49580000043,
    "TCDM_04950": 32200.32139999999,
    "TCDM_06202": 77829.71600000035,
    "TCDM_05528": 21769.664899999996,
    "TCDM_11993": 78690.34790000034,
    "TCDM_01649": 39333.18930000007,
    "TCDM_01843": 102585.74360000055,
    "TCDM_02105": 46173.829000000085,
    "TCDM_05654": 99580.79240000065,
    "TCDM_08270": 58483.62940000006,
    "TCDM_06209": 78486.1421000004,
    "TCDM_07762": 74877.5148000003,
    "TCDM_03152": 41646.48520000005,
    "TCDM_08673": 121831.64810000082,
    "TCDM_09541": 33448.15620000002,
    "TCDM_04889": 47934.824600000065,
    "TCDM_10701": 36298.38820000003,
    "TCDM_02659": 81180.78090000033,
    "TCDM_08578": 245767.29260000002,
    "TCDM_04186": 48929.12210000008,
    "TCDM_09345": 46952.79330000005,
    "TCDM_03721": 40021.60500000001,
    "TCDM_08701": 46420.669300000045,
    "TCDM_14317": 111081.38760000066,
    "TCDM_05062": 45389.24650000002,
    "TCDM_00642": 67240.36870000021,
    "TCDM_08009": 45003.371900000064,
    "TCDM_03509": 132370.5934000002,
    "TCDM_06540": 28292.701800000028,
    "TCDM_07278": 47857.390700000076,
    "TCDM_10698": 42117.220800000025,
    "TCDM_00348": 112407.55530000072,
    "TCDM_02411": 53496.59630000008,
    "TCDM_01231": 54420.34630000011,
    "TCDM_00228": 51987.27010000004,
    "TCDM_00121": 51498.66450000003,
    "TCDM_01740": 59947.51320000017,
    "TCDM_09878": 68347.99010000027,
    "TCDM_03103": 113170.91470000097,
    "TCDM_02308": 54775.47200000004,
    "TCDM_01584": 46418.125100000056,
    "TCDM_03150": 58538.844700000125,
    "TCDM_05422": 58603.35880000005,
    "TCDM_05072": 32725.6398,
    "TCDM_13663": 42837.955400000006,
    "TCDM_02101": 65049.73300000022,
    "TCDM_02375": 41803.75490000006,
    "TCDM_02419": 145583.88060000012,
    "TCDM_00153": 61963.63790000022,
    "TCDM_13950": 19793.617699999995,
    "TCDM_14122": 19527.819399999982,
    "TCDM_06036": 56028.57810000008,
    "TCDM_10538": 29622.281200000012,
    "TCDM_04835": 19215.351400000003,
    "TCDM_05768": 73592.29420000031,
    "TCDM_03858": 73182.45630000017,
    "TCDM_04398": 43036.389000000025,
    "TCDM_09951": 79357.96930000029,
    "TCDM_08425": 56323.2500000001,
    "TCDM_06500": 41660.59730000002,
    "TCDM_10920": 30710.715200000013,
    "TCDM_03538": 135627.22820000068,
    "TCDM_04741": 74160.45520000032,
    "TCDM_00016": 39270.77050000003,
    "TCDM_11087": 46387.757200000044,
    "TCDM_07999": 69219.90060000026,
    "TCDM_04514": 52893.40080000006,
    "TCDM_03477": 48056.65760000007,
    "TCDM_05799": 41209.207600000016,