{
    "PF3D7_0507200": 88046.08790000054,
    "PF3D7_0932300": 65634.35450000006,
    "PF3D7_1360800": 138861.06320000027,
    "PF3D7_0409500": 46789.35189999999,
    "PF3D7_1446200": 67820.19860000015,
    "PF3D7_1364600": 106121.08440000078,
    "PF3D7_1434600": 71742.52100000018,
    "PF3D7_0507500": 77645.72010000043,
    "PF3D7_1440500": 64798.47880000003,
    "PF3D7_1454400": 90128.56440000042,
    "PF3D7_1323000": 26210.3984,
    "PF3D7_1401300": 55197.64259999998,
    "PF3D7_1240000": 63854.93469999998,
    "PF3D7_0922900": 33346.93950000004,
    "PF3D7_1241600": 28773.38620000003,
    "PF3D7_1329400": 81770.63620000033,
    "PF3D7_1363700": 18.0153,
    "PF3D7_1015300": 59723.49950000007,
    "PF3D7_0729200": 28124.04000000002,
    "PF3D7_1436900": 23594.57840000003,
    "PF3D7_0626300": 52655.92349999993,
    "PF3D7_0413500": 35232.02940000005,
    "PF3D7_0204500": 47004.58769999996,
    "PF3D7_0520600": 17749.959699999996,
    "PF3D7_1247800": 69640.89140000007,
    "PF3D7_1116700": 18.0153,
    "PF3D7_0906500": 46492.91369999995,
    "PF3D7_0828600": 58059.73880000006,
    "PF3D7_0527300": 37410.77440000002,
    "PF3D7_1116500": 51354.04519999998,
    "PF3D7_0804400": 88178.29240000018,
    "PF3D7_0607500": 62267.29350000002,
    "PF3D7_0715000": 36822.89720000001,
    "PF3D7_1140000": 71451.78220000025,
    "PF3D7_1233700": 68954.39729999994,
    "PF3D7_1450900": 44372.85500000002,
    "PF3D7_1435000": 50424.03500000001,
    "PF3D7_0519300": 75191.53750000033,
    "PF3D7_1469600": 394876.1822000054,
    "PF3D7_1143900": 45067.22090000004,
    "PF3D7_0627500": 20292.1584,
    "PF3D7_1239600": 33881.91570000003,
    "PF3D7_1026900": 34804.494000000035,
    "PF3D7_0624000": 55260.579500000036,
    "PF3D7_0309500": 69863.4578000002,
    "PF3D7_1209600": 50347.13929999992,
    "PF3D7_1460000": 34652.52240000004,
    "PF3D7_0520500": 34974.33540000004,
    "PF3D7_1036800": 69795.25320000022,
    "PF3D7_1344800": 18.0153,
    "PF3D7_1446800": 18.0153,
    "PF3D7_1357900": 28378.65900000002,
    "PF3D7_1345700": 53593.185900000026,
    "PF3D7_1311300": 35754.962200000075,
    "PF3D7_1130000": 111656.83720000072,
    "PF3D7_0920800": 56149.64540000005,
    "PF3D7_0911000": 33906.77330000003,
    "PF3D7_0703600": 31437.33610000005,
    "PF3D7_1465500": 174219.2909000013,
    "PF3D7_0624700": 30057.835700000032,
    "PF3D7_1324900": 34107.357100000045,
    "PF3D7_1325200": 37007.52829999999,
    "PF3D7_0217100": 61769.57390000011,
    "PF3D7_1113700": 42440.13310000003,
    "PF3D7_0211400": 42324.04629999994,
    "PF3D7_0604700": 35837.967399999965,
    "PF3D7_1342100": 103377.98780000069,
    "PF3D7_1005800": 27457.960100000037,
    "PF3D7_0923600": 46088.11619999998,
    "PF3D7_1314600": 47941.957399999956,
    "PF3D7_1147700": 17616.979100000004,
    "PF3D7_1430300": 306803.2719000032,
    "PF3D7_0823600": 51637.56559999992,
    "PF3D7_1403900": 35218.829200000044,
    "PF3D7_1235700": 58393.46080000015,
    "PF3D7_1344600": 47592.7362,
    "PF3D7_1310000": 30197.882900000066,
    "PF3D7_1038900": 41769.62249999998,
    "PF3D7_0715500": 8495.613899999995,
    "PF3D7_0420200": 70384.69380000024,
    "PF3D7_0937200": 40802.914700000016,
    "PF3D7_0627800": 113879.35130000088,
    "PF3D7_0705900": 18558.103199999998,
    "PF3D7_1476800": 42713.531499999954,
    "PF3D7_1111500": 15080.136999999984,
    "PF3D7_1029600": 42465.42670000001,
    "PF3D7_0934500": 27190.389100000026,
    "PF3D7_0731800": 78378.14410000025,
    "PF3D7_1323200": 14192.052499999982,
    "PF3D7_1476700": 41349.39879999999,
    "PF3D7_1458400": 37511.91750000001,
    "PF3D7_1341900": 27800.74330000003,
    "PF3D7_1252600": 52891.4309,
    "PF3D7_0806800": 122997.3297000007,
    "PF3D7_0406100": 55788.10890000003,
    "PF3D7_1464700": 44531.517,
    "PF3D7_1354400": 19123.47489999999,
    "PF3D7_0922400": 116534.34860000073,
    "PF3D7_1347200": 47630.63810000002,
    "PF3D7_0110900": 22173.158600000024,
    "PF3D7_0816900": 32496.66730000004,
    "PF3D7_1001400": 107655.07100000072,
    "PF3D7_1311900": 68575.5799000003,
    "PF3D7_0936700": 49554.30149999993,
    "PF3D7_1306600": 53828.6695,
    "PF3D7_0519200": 17065.099000000002,
    "PF3D7_0305800": 132196.07600000108,
    "PF3D7_1401500": 43736.85870000004,
    "PF3D7_1008900": 27610.382900000033,
    "PF3D7_0702200": 49242.266300000025,
    "PF3D7_0106100": 45259.39650000009,
    "PF3D7_0709700": 42357.21190000001,
    "PF3D7_1140100": 14623.607799999983,
    "PF3D7_0415600": 26737.753300000033,
    "PF3D7_0405700": 280728.6964000028,
    "PF3D7_1033100": 168167.83310000075,
    "PF3D7_1004800": 41009.38690000001,
    "PF3D7_0413700": 39020.277999999984,
    "PF3D7_1420900": 46704.81869999996,
    "PF3D7_1037300": 33725.875899999985,
    "PF3D7_0802600": 269537.3761000021,
    "PF3D7_0801800": 117660.94520000083,
    "PF3D7_1312000": 46304.20059999998,
    "PF3D7_1368700": 67859.51030000008,
    "PF3D7_1206400": 41928.68799999996,
    "PF3D7_0618500": 34040.22000000003,
    "PF3D7_0616800": 59506.22759999996,
    "PF3D7_0206700": 55175.536100000034,
    "PF3D7_1211900": 140260.5020000005,
    "PF3D7_1022800": 95224.80190000049,
    "PF3D7_1354500": 50064.30309999992,
    "PF3D7_0209300": 18.0153,
    "PF3D7_1444300": 33746.50800000002,
    "PF3D7_0603500": 48918.350300000064,
    "PF3D7_0106900": 88193.05280000038,
    "PF3D7_0520900": 53838.32669999999,
    "PF3D7_0922200": 44843.38920000004,
    "PF3D7_0823900": 35386.172599999976,
    "PF3D7_1308200": 273434.3813000031,
    "PF3D7_1427600": 56681.520400000016,
    "PF3D7_1315600": 23924.423200000023,
    "PF3D7_0503100": 63375.1505000001,
    "PF3D7_1223800": 34886.1477,
    "PF3D7_0802500": 173058.9004000009,
    "PF3D7_1320800": 47630.14220000003,
    "PF3D7_0705500": 330697.2872000029,
    "PF3D7_0815900": 75586.3449000002,
    "PF3D7_1409900": 77989.31440000038,
    "PF3D7_0511800": 69111.21480000016,
    "PF3D7_0630700": 78439.84470000015,
    "PF3D7_1316600": 104780.9977000007,
    "PF3D7_1401800": 52205.98820000002,
    "PF3D7_1232200": 57227.27349999998,
    "PF3D7_0915000": 61669.59500000004,
    "PF3D7_0820700": 121148.77680000073,
    "PF3D7_0623000": 59664.88240000003,
    "PF3D7_0913300": 75845.89260000033,
    "PF3D7_1312600": 49870.73420000002,
    "PF3D7_0926700": 97763.07750000073,
    "PF3D7_1471200": 75467.0671000003,
    "PF3D7_0629100": 77125.37760000021,
    "PF3D7_1120300": 18.0153,
    "PF3D7_1226100": 36223.074400000056,
    "PF3D7_1303500": 226080.46890000155,
    "PF3D7_1142400": 56341.85409999991,
    "PF3D7_1349100": 23263.180900000014,
    "PF3D7_1246100": 73546.12970000006,
    "PF3D7_1322000": 66199.38900000011,
    "PF3D7_1208400": 185928.7986000011,
    "PF3D7_1022500": 65040.62070000013,
    "PF3D7_1366500": 17011.6886,
    "PF3D7_0609200": 56202.87869999993,
    "PF3D7_1231400": 228957.84390000207,
    "PF3D7_0605600": 219866.51750000066,
    "PF3D7_0629500": 68857.50270000019,
    "PF3D7_0515500": 115451.82800000114,
    "PF3D7_1410200": 98515.98140000062,
    "PF3D7_1439000": 27150.643100000023,
    "PF3D7_1421900": 18751.877500000002,
    "PF3D7_1249900": 76253.73200000006,
    "PF3D7_1010300": 13736.392999999985,
    "PF3D7_0209600": 133696.06820000077,
    "PF3D7_0320500": 50150.80459999998,
    "PF3D7_1132500": 174050.290000001,
    "PF3D7_1327600": 24281.80900000003,
    "PF3D7_1430900": 19785.534999999993,
    "PF3D7_1206100": 51906.09299999996,
    "PF3D7_0720400": 72721.13170000016,
    "PF3D7_0927800": 32363.670000000006,
    "PF3D7_1139700": 59984.9126,
    "PF3D7_0303700": 50989.6817,
    "PF3D7_1475300": 26807.14170000003,
    "PF3D7_0504600": 43031.116200000004,
    "PF3D7_0103200": 50010.04459999999,
    "PF3D7_0824400": 67641.4079000002,
    "PF3D7_0407100": 39182.839299999985,
    "PF3D7_1469400": 50939.751399999994,
    "PF3D7_1361700": 18.0153,
    "PF3D7_0204900": 41168.61180000002,
    "PF3D7_0523100": 61772.2106000001,
    "PF3D7_0919400": 61000.53940000008,
    "PF3D7_1023200": 37823.90139999999,