{
    "llmg_0885": 29623.601300000013,
    "llmg_1131": 34361.9144,
    "llmg_2073": 24322.63430000001,
    "llmg_1943": 27080.005699999987,
    "llmg_1942": 78526.46140000038,
    "llmg_1179": 53923.01909999999,
    "llmg_1829": 62049.63440000015,
    "llmg_0977": 55669.90390000006,
    "llmg_1187": 30229.63940000003,
    "llmg_1178": 55368.14679999998,
    "llmg_2332": 55354.94270000006,
    "llmg_1183": 164274.14290000015,
    "llmg_1184": 52640.314200000044,
    "llmg_1450": 39749.98479999997,
    "llmg_1991": 35920.98210000002,
    "llmg_1049": 62127.19980000006,
    "llmg_0523": 50192.89619999995,
    "llmg_2327": 30934.823999999986,
    "llmg_0441": 55069.41990000004,
    "llmg_1048": 45696.209700000036,
    "llmg_0994": 57157.52120000008,
    "llmg_1097": 25614.95760000001,
    "llmg_0870": 29978.58949999998,
    "llmg_1455": 55653.27620000003,
    "llmg_0388": 36619.63170000005,
    "llmg_1477": 75641.33870000031,
    "llmg_0930": 40329.435600000004,
    "llmg_0999": 16990.361199999992,
    "llmg_1050": 6074.3532,
    "llmg_1099": 55679.102200000096,
    "llmg_1412": 35813.720299999986,
    "llmg_1008": 56887.11030000007,
    "llmg_1000": 41092.431500000035,
    "llmg_2432": 98087.52490000063,
    "llmg_1478": 36055.28220000001,
    "llmg_1777": 29027.615800000014,
    "llmg_2468": 55950.83170000008,
    "llmg_2272": 67522.17030000016,
    "llmg_0076": 33063.69170000007,
    "llmg_2162": 27822.336300000017,
    "llmg_1778": 31801.597099999984,
    "llmg_1963": 36243.74360000003,
    "llmg_1779": 49556.757800000065,
    "llmg_0126": 9126.290099999993,
    "llmg_1782": 16406.363399999995,
    "llmg_0360": 38677.5211,
    "llmg_0127": 62575.97670000019,
    "llmg_1088": 17969.307999999997,
    "llmg_1702": 47837.036599999985,
    "llmg_0066": 43219.075500000086,
    "llmg_1337": 40260.93410000003,
    "llmg_1704": 40676.31980000001,
    "llmg_1755": 30688.07380000002,
    "llmg_1309": 60778.21660000012,
    "llmg_1976": 48697.095300000045,
    "llmg_1906": 96307.24700000056,
    "llmg_2289": 43143.92690000006,
    "llmg_0171": 45512.80850000003,
    "llmg_0113": 83852.7872000004,
    "llmg_0382": 25909.13020000001,
    "llmg_0375": 51522.61460000008,
    "llmg_0020": 20606.5278,
    "llmg_0993": 20273.10839999999,
    "llmg_1464": 24848.44630000001,
    "llmg_2288": 43173.93260000003,
    "llmg_0376": 51329.97580000005,
    "llmg_1275": 26365.692600000006,
    "llmg_0862": 54482.388500000045,
    "llmg_1279": 62847.861700000154,
    "llmg_1913": 50103.858000000095,
    "llmg_1781": 15923.444899999984,
    "llmg_1854": 23759.331700000006,
    "llmg_1276": 45645.46159999995,
    "llmg_0500": 31798.055400000016,
    "llmg_0955": 37319.04470000001,
    "llmg_1787": 34875.99669999999,
    "llmg_1278": 17608.255399999984,
    "llmg_1681": 36049.87770000003,
    "llmg_1784": 25631.30529999998,
    "llmg_0538": 16810.25189999999,
    "llmg_1216": 27190.9406,
    "llmg_0636": 94710.16990000062,
    "llmg_2299": 33755.69930000001,
    "llmg_2494": 31155.2668,
    "llmg_0536": 41359.194300000025,
    "llmg_0753": 27721.770600000018,
    "llmg_1705": 13414.070499999987,
    "llmg_1317": 25643.450799999995,
    "llmg_1295": 47580.516800000056,
    "llmg_1756": 41354.34239999997,
    "llmg_2217": 48984.00970000004,
    "llmg_1032": 35725.6284,
    "llmg_1030": 51678.93320000005,
    "llmg_1288": 30345.04280000003,
    "llmg_1786": 8401.164799999999,
    "llmg_0123": 24644.603699999996,
    "llmg_0397": 21974.720799999985,
    "llmg_1297": 35832.97960000002,
    "llmg_0931": 44943.38280000005,
    "llmg_1031": 21457.4879,
    "llmg_0291": 26667.31999999998,
    "llmg_0929": 42665.85050000001,
    "llmg_1217": 28590.43180000002,
    "llmg_1843": 17507.86989999999,
    "llmg_1641": 26808.097799999985,
    "llmg_0762": 23753.63680000002,
    "llmg_2182": 37347.75730000003,
    "llmg_0299": 38845.98720000003,
    "llmg_0463": 28834.83299999999,
    "llmg_1532": 39824.72290000002,
    "llmg_2307": 53896.796699999984,
    "llmg_1332": 46628.62460000004,
    "llmg_1331": 31892.33329999999,
    "llmg_1153": 21655.733900000014,
    "llmg_2313": 45980.56120000005,
    "llmg_2311": 56405.40379999996,
    "llmg_0637": 45611.69260000004,
    "llmg_1828": 43654.409499999965,
    "llmg_1154": 71741.91250000033,
    "llmg_1298": 40538.64050000001,
    "llmg_1290": 27928.876300000014,
    "llmg_1292": 22312.802000000007,
    "llmg_0139": 51865.85900000005,
    "llmg_0292": 41750.250800000016,
    "llmg_2359": 23674.799700000018,
    "llmg_0138": 43826.873700000004,
    "llmg_2314": 62875.92020000018,
    "llmg_1038": 29860.88820000003,
    "llmg_2149": 19808.203700000002,
    "llmg_1294": 22023.759000000002,
    "llmg_2053": 106380.5459000007,
    "llmg_0607": 18697.372499999998,
    "llmg_1979": 25032.743600000013,
    "llmg_2075": 22287.913700000005,
    "llmg_1181": 36943.50429999999,
    "llmg_0871": 39566.47950000002,
    "llmg_0230": 52839.950500000086,
    "llmg_0650": 48899.22109999998,
    "llmg_1978": 27164.33569999998,
    "llmg_0535": 28975.749799999998,
    "llmg_1284": 50243.393400000044,
    "llmg_2201": 47352.19720000002,
    "llmg_0428": 38807.65580000003,
    "llmg_1823": 34965.55660000001,
    "llmg_0783": 49734.955600000096,
    "llmg_1282": 21947.4916,
    "llmg_0314": 29737.28809999999,
    "llmg_1456": 79477.73860000033,
    "llmg_0312": 37529.989900000044,
    "llmg_0372": 60371.962500000154,
    "llmg_1429": 35046.50060000003,
    "llmg_2506": 72302.20790000031,
    "llmg_0315": 29328.657599999988,
    "llmg_0313": 27468.47640000002,
    "llmg_1120": 35050.24360000003,
    "llmg_0392": 34397.89000000002,
    "llmg_0893": 34557.83260000002,
    "llmg_1117": 41161.002700000034,
    "llmg_0119": 25537.914800000002,
    "llmg_2017": 50930.861200000036,
    "llmg_0389": 56616.54830000013,
    "llmg_1758": 37953.82810000001,
    "llmg_1820": 49559.751900000076,
    "llmg_2504": 27578.830200000033,
    "llmg_1741": 93789.1232000005,
    "llmg_2477": 54972.18010000008,
    "llmg_2215": 66527.87760000028,
    "llmg_0025": 43945.68840000002,
    "llmg_2019": 43219.901600000085,
    "llmg_0386": 51945.490300000034,
    "llmg_1947": 31999.920500000037,
    "llmg_0745": 86225.82130000039,
    "llmg_1785": 33411.069200000034,
    "llmg_1638": 59499.6618000001,
    "llmg_1296": 23542.029500000004,
    "llmg_1946": 50866.23150000008,
    "llmg_1948": 54309.43300000008,
    "llmg_1949": 19224.866600000005,
    "llmg_0455": 86861.74100000056,
    "llmg_1951": 26324.97020000001,
    "llmg_1952": 7346.741699999995,
    "llmg_1709": 17430.54949999999,
    "llmg_0742": 22419.4865,
    "llmg_0744": 63131.340800000165,
    "llmg_2412": 69241.80460000019,
    "llmg_1743": 35528.65760000002,
    "llmg_2046": 35345.935500000014,
    "llmg_1945": 15584.45459999999,
    "llmg_0737": 32124.90279999999,
    "llmg_1950": 18002.193599999984,
    "llmg_1926": 45803.39130000003,
    "llmg_0738": 51472.99800000006,
    "llmg_0739": 43514.35220000005,
    "llmg_1642": 34493.894899999985,
    "llmg_0190": 54676.756099999984,
    "llmg_0567": 24035.482100000012,
    "llmg_1789": 35536.36250000002,
    "llmg_0858": 61374.098800000065,
    "llmg_1637": 45274.94030000002,
    "llmg_0539": 26396.1432,
    "llmg_1194": 28769.860900000036,
    "llmg_2309": 34076.75780000002,
    "llmg_2518": 37505.557600000015,
    "llmg_1237": 35117.74519999998,
    "llmg_0384": 33403.802700000044,
    "llmg_1089": 117427.94790000067,
    "llmg_0437": 11324.237699999996,
    "llmg_0894": 39636.28680000008,
    "llmg_0440": 47988.28819999996,
    "llmg_2310": 33782.11160000002,
    "llmg_0438": 12885.36079999999,
    "llmg_1431": 36560.48220000004,
    "llmg_0091": 46278.421500000026,
    "llmg_1524": 33442.968900000036,
    "llmg_1783": 42487.28410000004,
    "llmg_2160": 42972.791000000056,
    "llmg_0342": 24824.922000000002,
    "llmg_0336": 31036.157900000017,
    "llmg_1604": 47236.58890000004,
    "llmg_2161": 45329.98460000001,
    "llmg_0341": 40986.52320000007,
    "llmg_1699": 55121.02159999999,