{
    "inost;o2": {
        "Sus scrofa": [
            0.1833333
        ]
    },
    "REST": {
        "Sus scrofa": [
            0.03833333
        ]
    }
}