{
    "trp__L;o2": {
        "Homo sapiens": [
            7.4995,
            6.061667,
            1.0,
            3.1,
            3.2,
            3.5,
            2.9,
            0.103,
            2.97,
            1.4,
            8.2,
            8.3,
            8.7,
            8.9,
            7.1,
            8.5,
            8.5,
            8.9,
            9.7,
            10.3,
            3.7,
            4.2,
            4.1,
            4.4,
            4.8,
            5.8,
            1.4,
            4.3,
            0.05
        ],
        "Mus musculus": [
            11.90233,
            1.545333,
            16.75,
            1.836667,
            1.741667,
            1.645,
            14.545
        ],
        "Xenopus laevis": [
            2.222833,
            2.201667,
            2.331667,
            2.493333
        ],
        "Danio rerio": [
            2.6285,
            1.155,
            1.65
        ],
        "Sulculus diversicolor": [
            0.4068333,
            0.5366667
        ],
        "Saccharomyces cerevisiae": [
            8.246667
        ],
        "Aspergillus oryzae": [
            0.84,
            31.88667
        ],
        "Ornithorhynchus anatinus": [
            2.911667,
            4.318333,
            6.643333,
            6.126667,
            4.27
        ],
        "Monodelphis domestica": [
            18.975,
            0.8966667,
            0.9533333,
            0.785
        ],
        "Gallus gallus": [
            0.62,
            0.73,
            0.895
        ],
        "Oryzias latipes": [
            4.175,
            1.133333
        ],
        "Anolis carolinensis": [
            0.1583333
        ],
        "Pelodiscus sinensis japonicus": [
            0.75
        ],
        "Monosiga brevicollis": [
            2.355
        ],
        "Branchiostoma floridae": [
            1.376667
        ],
        "Nematostella vectensis": [
            1.0
        ]
    },
    "REST": {
        "Homo sapiens": [
            11.759,
            8.8825,
            5.9,
            0.064,
            0.161,
            0.36,
            0.108,
            0.049,
            0.011,
            0.0052,
            0.0103,
            2.7,
            0.062,
            0.095,
            0.027,
            3.93,
            0.76,
            3.78,
            0.78
        ],
        "Mus musculus": [
            13.65283
        ],
        "Saccharomyces cerevisiae": [
            1.683333
        ],
        "Aspergillus oryzae": [
            0.365,
            6.226667
        ]
    },
    "5htrp;o2": {
        "Homo sapiens": [
            0.025
        ]
    }
}