{
    "coumarin;h;nadph;o2": {
        "Homo sapiens": [
            0.075,
            0.148,
            0.12
        ]
    },
    "REST": {
        "Homo sapiens": [
            0.04,
            0.045,
            0.016,
            0.133,
            0.037,
            0.033,
            0.018,
            0.167,
            0.004166667,
            0.005666667,
            0.03166667,
            0.1583333,
            0.06666667,
            0.6666667,
            0.02066667,
            0.08166667,
            0.1076667,
            0.1766667,
            0.0885,
            0.0885,
            0.0185,
            0.005016667,
            0.02,
            0.019,
            0.0225,
            0.017,
            0.007333333,
            0.012,
            0.01566667,
            0.01666667,
            0.01066667,
            0.014,
            0.011,
            0.0115,
            0.013,
            0.01133333,
            0.008833333,
            0.01283333,
            0.009333333,
            0.01416667,
            0.01466667,
            0.012,
            0.008,
            0.01266667,
            0.0105,
            0.7116667,
            1.026667,
            0.9866667,
            1.33,
            1.073333,
            0.1613333,
            0.06366667,
            0.05,
            0.09,
            0.09666667,
            0.1833333,
            0.08333333,
            0.025,
            0.02166667,
            0.04766667,
            0.1933333,
            0.1233333,
            0.008,
            0.6,
            0.2833333,
            0.07833333,
            0.09833333,
            0.008333333,
            0.014,
            0.185,
            0.035,
            0.006,
            0.04666667,
            0.1433333
        ],
        "Oryctolagus cuniculus": [
            1.5,
            0.6666667,
            0.2,
            0.2,
            0.2,
            0.2,
            0.2,
            0.2,
            0.04666667,
            0.01666667,
            0.11,
            0.03,
            0.006666667
        ],
        "Rattus norvegicus": [
            0.04833333,
            0.105,
            0.1333333,
            0.1416667,
            2.5,
            3.43,
            0.4316667,
            2.636667,
            3.656667,
            0.6583333
        ],
        "Bacillus licheniformis": [
            27.73333,
            59.81667,
            13.86667,
            21.06667,
            25.65,
            22.81667,
            16.18333,
            29.33333
        ],
        "Bacillus subtilis": [
            26.91667,
            0.6833333,
            3.333333,
            7.166667,
            90.5,
            70.25,
            64.41667,
            79.83333,
            101.75,
            87.16667,
            101.25,
            635.8333,
            1.733333,
            9.266667,
            11.26667,
            6.233333,
            13.23333,
            34.25,
            36.0,
            34.91667,
            64.08333,
            18.5,
            28.16667,
            617.5
        ],
        "Mus musculus": [
            0.138,
            0.002166667
        ],
        "Canis familiaris": [
            0.9166667,
            0.2833333
        ]
    },
    "indole;o2": {
        "Homo sapiens": [
            0.02833333
        ]
    },
    "cytc;h;nadph": {
        "Bacillus licheniformis": [
            122.3833
        ],
        "Bacillus subtilis": [
            190.0,
            192.6667,
            58.66667,
            58.83333
        ]
    },
    "cytc;h;nadh": {
        "Bacillus subtilis": [
            30.83333,
            1.59
        ]
    },
    "h;nadph;o2;retinol": {
        "Homo sapiens": [
            0.0025
        ],
        "Mus musculus": [
            0.004
        ]
    },
    "retinal;h;nadph;o2": {
        "Homo sapiens": [
            0.01283333
        ],
        "Mus musculus": [
            0.008666667
        ]
    }
}