{
    "h;nadph;o2;tmam": {
        "Homo sapiens": [
            0.3833333,
            0.5616667
        ],
        "Sus scrofa": [
            0.55
        ]
    },
    "REST": {
        "Homo sapiens": [
            0.4333333,
            0.2333333,
            2.063333,
            0.605,
            0.78
        ],
        "Sus scrofa": [
            0.5883333
        ]
    }
}