{
    "REST": {
        "Rattus norvegicus": [
            2.116667,
            2.183333
        ]
    },
    "trp__L;o2;thbpt": {
        "Homo sapiens": [
            2.666667,
            5.033333,
            2.166667,
            1.383333,
            4.566667,
            6.733333
        ]
    }
}