{
    "REST": {
        "Xenopus laevis": [
            0.05233333,
            0.05116667,
            0.06416667,
            0.003333333,
            0.0045,
            0.006666667
        ]
    },
    "17ahprgstrn;nadph": {
        "Xenopus laevis": [
            0.0085,
            0.02216667,
            0.0355
        ],
        "Homo sapiens": [
            0.002166667,
            0.002166667,
            0.001666667,
            0.0008333333,
            0.002,
            0.0006666667
        ]
    },
    "17ahprgnlone;nadph": {
        "Xenopus laevis": [
            0.006833333,
            0.03266667,
            0.0285
        ],
        "Homo sapiens": [
            0.001333333,
            0.01133333,
            0.001666667,
            0.001666667,
            0.002166667,
            0.004833333,
            0.01033333,
            0.006666667,
            0.001833333
        ]
    }
}