{
    "REST": {
        "Homo sapiens": [
            2.833333,
            0.1833333,
            0.3333333,
            7.083333,
            0.01266667,
            1.333333,
            0.03,
            0.045,
            0.1833333,
            0.03833333,
            0.04,
            0.025,
            0.03,
            0.09166667,
            2.833333,
            34.16667,
            0.08833333,
            2.5,
            0.1666667,
            7.833333,
            20.0,
            0.2166667,
            1.216667,
            8.0,
            8.333333,
            7.5,
            8.666667,
            1.833333,
            4.0,
            6.166667,
            0.5833333,
            2.833333,
            0.6333333,
            6.166667,
            4.0,
            2.166667,
            0.6,
            5.166667,
            0.4166667,
            2.666667,
            3.666667,
            2.166667,
            0.2333333,
            0.4666667,
            2.666667,
            2.833333,
            0.3,
            0.1666667,
            3.466667,
            1.466667,
            0.1333333,
            0.6833333,
            1.033333,
            2.333333,
            3.0,
            0.5,
            1.966667,
            1.2,
            1.033333,
            1.666667,
            2.0,
            0.8666667,
            1.166667,
            2.833333,
            4.333333,
            0.13,
            0.8,
            0.12,
            0.96,
            0.022,
            0.0083,
            0.1666667,
            0.2,
            1.433333,
            3.033333,
            3.033333,
            3.333333,
            0.245,
            7.333333,
            3.033333,
            0.4666667,
            3.333333,
            2.5,
            2.666667,
            2.666667,
            1.916667,
            1.5,
            1.833333,
            2.9,
            0.5166667,
            3.716667,
            0.8833333,
            0.6666667,
            0.3,
            0.01666667,
            3.8,
            4.066667,
            5.333333,
            3.666667,
            3.833333,
            2.566667,
            3.35,
            2.716667,
            0.9166667,
            2.783333,
            3.333333,
            6.333333,
            5.833333,
            3.583333,
            3.95,
            3.5,
            3.9,
            3.833333,
            2.533333
        ],
        "Rattus norvegicus": [
            5.0,
            156.0,
            390.0,
            980.0,
            0.06666667,
            4.166667,
            0.2166667,
            7.333333,
            7.333333,
            4.333333,
            48.83333,
            60.83333,
            48.83333,
            20.0,
            20.0,
            1.75,
            3.533333,
            2.333333,
            3.833333,
            5.833333,
            0.3833333,
            1.166667,
            1.0,
            1.266667,
            1.666667,
            1.5
        ],
        "Coturnix coturnix japonica": [
            0.75,
            2.916667,
            1.85,
            1.45,
            3.55,
            17.0,
            8.883333
        ],
        "Mesocricetus auratus": [
            2.8,
            2.35,
            4.083333,
            3.0,
            2.633333,
            8.583333,
            2.766667,
            2.2,
            1.033333,
            2.4,
            1.75,
            8.5,
            1.766667,
            1.066667,
            0.2833333,
            1.766667,
            0.6666667
        ],
        "Mus musculus": [
            0.45,
            30.83333,
            3.833333,
            86.5,
            0.2833333,
            3.166667
        ],
        "Saimiri sciureus": [
            0.3333333,
            0.2833333
        ],
        "Sulfolobus solfataricus": [
            3.55,
            3.816667,
            2.916667,
            7.716667,
            0.9833333,
            1.933333,
            1.216667,
            1.016667,
            2.166667,
            1.616667
        ],
        "Equus caballus": [
            6.333333,
            5.5,
            4.333333,
            13.66667,
            1.833333,
            1.666667,
            1.2,
            1.1,
            0.81,
            4.3,
            3.8,
            6.1
        ],
        "Struthio camelus": [
            0.3666667,
            0.2666667,
            0.2166667
        ],
        "Branchiostoma lanceolatum": [
            11.33333,
            12.33333,
            11.33333
        ],
        "Drosophila lebanonensis": [
            1.8,
            4.0,
            7.4,
            5.2,
            1.1,
            2.5,
            1.7,
            4.3,
            7.1,
            6.4,
            6.6,
            2.0,
            7.6,
            6.8,
            7.6,
            8.0,
            8.0,
            7.4,
            1.7,
            8.1,
            0.77,
            8.0,
            8.0,
            7.1,
            8.2,
            7.1,
            6.7,
            6.3,
            7.1,
            7.3,
            8.0,
            8.0
        ],
        "Drosophila melanogaster": [
            14.0
        ],
        "Macaca mulatta": [
            2.2,
            1.6,
            0.77,
            0.89,
            2.1,
            1.4,
            1.9,
            0.48,
            3.0,
            36.0
        ],
        "Arabidopsis thaliana": [
            0.1,
            5.4,
            2.1,
            20.0,
            20.33333,
            5.583333
        ]
    },
    "etoh;nad": {
        "Kluyveromyces lactis": [
            408.3333,
            253.3333
        ],
        "Rattus norvegicus": [
            16.66667,
            0.65,
            62.66667,
            1.0
        ],
        "Coturnix coturnix japonica": [
            4.916667,
            4.666667,
            6.633333,
            6.183333
        ],
        "Mesocricetus auratus": [
            2.833333,
            3.383333,
            9.583333
        ],
        "Mus musculus": [
            1.916667,
            41.33333,
            4.416667,
            215.0
        ],
        "Saimiri sciureus": [
            0.5666667,
            0.5666667,
            0.4,
            0.4,
            0.45,
            0.45,
            0.08333333,
            0.08333333
        ],
        "Sulfolobus solfataricus": [
            1.883333
        ],
        "Homo sapiens": [
            0.1666667,
            0.175,
            7.833333,
            0.5833333,
            2.333333,
            0.1666667,
            3.833333,
            2.5,
            2.0,
            3.333333,
            4.0,
            2.366667,
            1.333333,
            6.84,
            1.2,
            1.2,
            1.2,
            0.5,
            0.1833333,
            0.14
        ],
        "Equus caballus": [
            8.333333,
            1.0,
            61.0,
            61.0,
            61.0,
            61.0,
            4.9,
            4.9,
            4.9,
            4.9,
            61.0,
            4.9,
            7.8
        ],
        "Struthio camelus": [
            0.6
        ],
        "Drosophila lebanonensis": [
            2.3,
            2.4
        ],
        "Macaca mulatta": [
            1.1,
            1.1
        ],
        "Moraxella sp.": [
            9.151667,
            1.663333
        ]
    },
    "acald;h;nadh": {
        "Kluyveromyces lactis": [
            1000.0,
            1143.333
        ],
        "Rattus norvegicus": [
            2.833333
        ],
        "Saimiri sciureus": [
            16.66667,
            3.333333
        ],
        "Homo sapiens": [
            58.4
        ],
        "Equus caballus": [
            12.0,
            360.0
        ],
        "Macaca mulatta": [
            74.0
        ],