{
    "dxyl5p;h;nadph": {
        "Escherichia coli": [
            29.0,
            61.15,
            9833.333,
            2166.667,
            5166.667,
            29.0
        ]
    },
    "REST": {
        "Escherichia coli": [
            37.0,
            60.78333,
            0.03666667,
            0.08833333,
            38.0
        ]
    }
}