{
    "REST": {
        "Homo sapiens": [
            0.011,
            0.011,
            0.011,
            0.011,
            0.000112
        ],
        "Rattus norvegicus": [
            0.75,
            0.4166667,
            0.6333333,
            0.2833333,
            0.4333333,
            0.12,
            0.0025,
            0.002833333,
            2.616667,
            1.75,
            1.883333,
            1.3,
            1.25,
            0.2166667,
            0.3,
            0.4833333,
            1.666667,
            0.4666667,
            0.2,
            0.2333333,
            0.2666667,
            0.15,
            0.1316667,
            0.04,
            0.05333333,
            0.06,
            0.01383333,
            0.05333333,
            0.02166667,
            0.001,
            0.013,
            0.01666667,
            1.883333,
            0.3833333
        ]
    },
    "CE2209;nad": {
        "Homo sapiens": [
            0.093,
            0.093
        ],
        "Rattus norvegicus": [
            0.07
        ]
    },
    "ahandrostan;nad": {
        "Rattus norvegicus": [
            0.006
        ]
    },
    "ahandrostan;h;nadh": {
        "Rattus norvegicus": [
            0.11
        ]
    },
    "andrstandn;h;nadh": {
        "Rattus norvegicus": [
            0.02166667
        ]
    },
    "andrstndn;h;nadh": {
        "Rattus norvegicus": [
            0.01666667
        ]
    },
    "estrone;h;nadh": {
        "Rattus norvegicus": [
            0.005
        ]
    },
    "17ahprgstrn;h;nadh": {
        "Rattus norvegicus": [
            0.04166667
        ]
    }
}