{
    "h;nadh;pyr": {
        "Plasmodium falciparum": [
            148.3333,
            148.3333,
            94.0,
            94.0,
            450.0,
            450.0
        ],
        "Plasmodium ovale": [
            266.6667,
            266.6667
        ],
        "Plasmodium malariae": [
            125.0,
            125.0
        ],
        "Plasmodium vivax": [
            126.6667,
            126.6667
        ],
        "Geobacillus stearothermophilus": [
            166.0,
            247.0,
            180.0,
            177.0
        ],
        "Meleagris gallopavo": [
            1366.667
        ],
        "Phasianus colchicus": [
            1466.667
        ],
        "Anas platyrhynchos": [
            1433.333
        ],
        "Pterocnemia pennata": [
            2033.333
        ],
        "Struthio camelus": [
            1750.0
        ],
        "Rana catesbeiana": [
            1433.333
        ],
        "Squalus acanthias": [
            1816.667
        ],
        "Hippoglossus stenolepis": [
            2650.0
        ],
        "Thunnus sp.": [
            2666.667
        ],
        "Gallus gallus": [
            1556.667,
            758.3333
        ],
        "Bos taurus": [
            1336.667,
            823.3333
        ],
        "Oryctolagus cuniculus": [
            691.6667
        ],
        "Homo sapiens": [
            143.0,
            300.0,
            216.6667,
            300.0,
            216.6667
        ],
        "Enterococcus faecalis": [
            0.22,
            0.107,
            0.068,
            0.039,
            0.87,
            0.88,
            0.92,
            0.91
        ],
        "Toxoplasma gondii": [
            583.3333,
            76.66667,
            616.6667,
            71.66667,
            64.0
        ],
        "Plasmodium berghei": [
            106.0,
            106.0
        ],
        "Lactobacillus helveticus": [
            643.0
        ]
    },
    "lac__L;nad": {
        "Plasmodium falciparum": [
            65.0,
            65.0,
            283.3333,
            283.3333
        ],
        "Plasmodium ovale": [
            25.0,
            25.0
        ],
        "Plasmodium malariae": [
            38.33333,
            38.33333
        ],
        "Plasmodium vivax": [
            23.33333,
            23.33333
        ],
        "Toxoplasma gondii": [
            26.66667,
            96.66667,
            21.66667,
            7.5
        ],
        "Homo sapiens": [
            81.66667,
            50.0,
            81.66667,
            50.0
        ]
    },
    "REST": {
        "Plasmodium falciparum": [
            250.0,
            45.0,
            183.3333,
            850.0
        ],
        "Plasmodium ovale": [
            153.3333
        ],
        "Plasmodium malariae": [
            233.3333
        ],
        "Plasmodium vivax": [
            333.3333
        ],
        "Geobacillus stearothermophilus": [
            124.0,
            17.0,
            0.26,
            162.0,
            21.0,
            5.3,
            0.3
        ],
        "Toxoplasma gondii": [
            50.0,
            183.3333,
            90.0,
            266.6667,
            566.6667,
            216.6667,
            30.0
        ],
        "Homo sapiens": [
            333.3333,
            1533.333,
            266.6667,
            166.6667,
            4.0,
            2.833333
        ]
    },
    "h;nadh;phpyr": {
        "Geobacillus stearothermophilus": [
            75.0,
            39.5
        ],
        "Toxoplasma gondii": [
            50.0,
            950.0
        ],
        "Homo sapiens": [
            2.5,
            5.833333
        ]
    },
    "h;nadh;oaa": {
        "Geobacillus stearothermophilus": [
            6.0
        ]
    },
    "akg;h;nadh": {
        "Geobacillus stearothermophilus": [
            4.1
        ]
    },
    "6a2ohxnt;h;nadh": {
        "Geobacillus stearothermophilus": [
            0.008
        ]
    },
    "4mop;h;nadh": {
        "Geobacillus stearothermophilus": [
            0.33
        ]
    }
}