{
    "fald;h2o;nad": {
        "Homo sapiens": [
            67.5
        ]
    },
    "acald;h2o;nad": {
        "Homo sapiens": [
            13.16667,
            19.66667,
            13.16667,
            13.16667,
            19.66667,
            4.666667,
            6.333333,
            1.633333,
            7.0
        ],
        "Bos taurus": [
            1.86
        ],
        "Rattus norvegicus": [
            0.16,
            0.41
        ]
    },
    "h2o;nad;ppal": {
        "Homo sapiens": [
            11.66667,
            19.66667,
            3.416667,
            3.416667,
            3.183333,
            3.166667,
            3.166667
        ],
        "Rattus norvegicus": [
            0.4333333,
            1.133333,
            0.7,
            1.833333,
            0.4333333,
            0.7,
            1.833333,
            1.133333,
            2.05,
            0.14,
            0.85
        ],
        "Bos taurus": [
            1.85
        ]
    },
    "h2o;nad;ptal": {
        "Homo sapiens": [
            22.83333,
            8.166667
        ]
    },
    "REST": {
        "Homo sapiens": [
            4.166667,
            28.5,
            4.166667,
            15.0,
            11.66667,
            3.833333,
            0.45,
            0.45,
            2.5,
            12.33333,
            15.16667,
            0.6666667,
            1.233333,
            7.166667,
            3.0,
            4.5,
            2.5,
            5.833333,
            0.3666667,
            2.333333,
            1.0,
            9.833333,
            2.75,
            1.416667,
            4.0,
            0.25,
            0.8333333,
            0.6166667,
            0.9833333,
            1.3,
            1.083333,
            8.333333,
            11.16667,
            4.666667,
            1.566667,
            5.333333,
            0.9833333,
            0.3,
            27.66667,
            0.0,
            9.333333,
            3.166667,
            2.666667,
            0.1583333,
            0.55,
            6.0,
            2.133333,
            0.0,
            4.416667,
            11.33333,
            7.833333,
            8.166667,
            7.9,
            0.1333333,
            0.03166667,
            0.0001666667,
            0.04033333
        ],
        "Ovis aries": [
            1.5,
            5.5,
            2.6,
            8.6
        ],
        "Bos taurus": [
            0.76,
            1.19,
            1.29,
            0.23
        ],
        "Bacillus subtilis": [
            2.75,
            1.12,
            0.74,
            1.08,
            1.35,
            1.47,
            0.97
        ],
        "Arthrobacter nicotinovorans": [
            3.1
        ],
        "Equus caballus": [
            1.21,
            0.26,
            1.44,
            2.21
        ]
    },
    "h2o;hptal;nad": {
        "Homo sapiens": [
            22.66667,
            4.333333
        ]
    },
    "h2o;nad;pacald": {
        "Homo sapiens": [
            30.0,
            50.0
        ],
        "Bos taurus": [
            1.39
        ]
    },
    "bzal;h2o;nad": {
        "Homo sapiens": [
            5.833333
        ],
        "Rattus norvegicus": [
            0.12,
            0.39
        ]
    },
    "gcald;h2o;nad": {
        "Bos taurus": [
            1.2
        ]
    },
    "g3p;h2o;nad": {
        "Bos taurus": [
            0.28
        ]
    },
    "retinal;h2o;nad": {
        "Rattus norvegicus": [
            0.03
        ]
    },
    "h2o;nadp;ppal": {
        "Bacillus subtilis": [
            1.29
        ]
    },
    "h2o;nadp;ptal": {
        "Bacillus subtilis": [
            2.1
        ]
    },
    "h2o;hptal;nadp": {
        "Bacillus subtilis": [
            0.87
        ]
    }
}