{
    "REST": {
        "Homo sapiens": [
            9.0,
            18.5,
            2.2,
            12.8,
            6.7,
            6.7
        ],
        "Sus scrofa": [
            14.33333,
            5.45
        ]
    },
    "fad;gcoa": {
        "Sus scrofa": [
            14.16667
        ]
    }
}