{
    "b2coa;nadph": {
        "Homo sapiens": [
            0.3333333,
            0.3333333
        ]
    },
    "REST": {
        "Homo sapiens": [
            0.05,
            0.2166667,
            0.2166667
        ]
    }
}