{
    "focytC;o2": {
        "Bos taurus": [
            33.4,
            55.0,
            46.0,
            38.1,
            25.8,
            25.0,
            39.6,
            32.7,
            296.0,
            12.4
        ],
        "Bacillus subtilis": [
            2.083333,
            2.083333,
            2.05,
            0.95,
            13.33333,
            13.33333
        ]
    }
}