{
    "ala__D;succoa": {
        "Geobacillus kaustophilus": [
            1.6
        ]
    },
    "REST": {
        "Geobacillus kaustophilus": [
            2.3,
            3.2,
            1.6,
            1.4,
            2.6,
            0.87,
            2.3
        ],
        "Enterococcus faecalis": [
            0.31,
            1.3,
            0.68,
            1.5,
            2.11,
            0.85,
            1.66,
            2.06,
            3.0,
            0.3,
            0.87,
            2.92,
            1.53,
            1.27,
            0.19,
            0.02,
            0.032,
            0.73,
            1.7,
            1.2,
            0.24,
            0.69,
            0.27,
            0.13,
            0.37,
            0.2,
            0.15,
            0.01,
            0.19,
            0.06,
            0.01,
            1.5,
            0.38,
            0.04,
            0.34
        ],
        "Bacillus subtilis": [
            0.3,
            0.3
        ],
        "Aspergillus nidulans": [
            1.716667
        ],
        "Oryza sativa": [
            6.15,
            6.81,
            5.84,
            1.69,
            4.09,
            1.05,
            0.28,
            1.06,
            0.93,
            0.76,
            1.18,
            0.5,
            1.26,
            2.21,
            2.5,
            2.39,
            0.62,
            4.74,
            0.52,
            2.68,
            0.8,
            0.51,
            0.6,
            2.58,
            2.93,
            0.39,
            0.36,
            0.28,
            0.41,
            0.08,
            0.037
        ],
        "Mycobacterium hassiacum": [
            0.001666667,
            0.002,
            0.0001666667,
            0.0003333333,
            0.0005,
            0.0006666667,
            0.0001666667
        ],
        "Mycobacterium smegmatis": [
            0.03833333,
            0.03666667,
            0.0003333333,
            0.0003333333,
            0.06,
            0.06
        ],
        "Mycobacterium tuberculosis": [
            0.00075,
            0.0002833333,
            0.0055,
            0.2323333,
            0.2638333,
            0.2578333
        ],
        "Escherichia coli": [
            170.0
        ],
        "Drosophila melanogaster": [
            0.01,
            0.01,
            0.05783333,
            0.0575,
            0.281
        ],
        "Catharanthus roseus": [
            0.014,
            0.26,
            0.001,
            0.02,
            1.44,
            13.2,
            0.23,
            1.31
        ]
    },
    "phe__D;succoa": {
        "Geobacillus kaustophilus": [
            2.4
        ]
    },
    "lys__D;succoa": {
        "Geobacillus kaustophilus": [
            12.0
        ]
    },
    "arg__D;succoa": {
        "Geobacillus kaustophilus": [
            11.0
        ]
    },
    "pro__D;succoa": {
        "Geobacillus kaustophilus": [
            0.0043
        ]
    },
    "benzcoa;srtn": {
        "Oryza sativa": [
            0.7
        ]
    },
    "benzcoa;tym": {
        "Oryza sativa": [
            0.14
        ]
    },
    "caffcoa;glyc": {
        "Oryza sativa": [
            0.082
        ]
    },
    "ferulcoa;glyc": {
        "Oryza sativa": [
            0.071,
            0.035
        ]
    },
    "ferulcoa;skm": {
        "Oryza sativa": [
            0.032
        ]
    },
    "ser__L;succoa": {
        "Schizosaccharomyces pombe": [
            7.4
        ]
    },
    "accoa;ser__L": {
        "Schizosaccharomyces pombe": [
            0.2
        ]
    },
    "hom__L;succoa": {
        "Schizosaccharomyces pombe": [
            13.8
        ]
    }
}