{
    "REST": {
        "Scutellaria baicalensis": [
            0.012,
            0.008833333,
            0.003833333
        ],
        "Sorbus aucuparia": [
            0.001666667
        ],
        "Medicago sativa": [
            0.03683333,
            0.06183333,
            0.06816667,
            0.08566667,
            0.05833333,
            0.03866667,
            0.07933333,
            0.0825,
            0.02616667,
            0.01733333,
            0.03616667,
            0.02883333,
            0.003166667,
            0.01516667,
            0.031,
            0.042,
            0.0505,
            0.04566667
        ],
        "Humulus lupulus": [
            0.00021,
            0.00024,
            0.0012,
            0.0042
        ]
    }
}