{
    "REST": {
        "Bellis perennis": [
            34.0,
            35.0
        ],
        "Homo sapiens": [
            1.9,
            0.865,
            0.5916667,
            0.06166667,
            0.2433333,
            0.085,
            0.09333333,
            0.115
        ]
    }
}