{
    "8aonn;amet": {
        "Escherichia coli": [
            0.2833333,
            0.08,
            0.013
        ],
        "Mycobacterium tuberculosis": [
            0.01666667
        ]
    }
}