{
    "REST": {
        "Anaeromyxobacter sp.": [
            0.01833333,
            0.02,
            0.01833333,
            0.01666667,
            0.01666667,
            0.006666667,
            0.01666667,
            0.002666667,
            0.02166667,
            0.01166667,
            0.003333333
        ],
        "Escherichia coli": [
            4.333333e-05,
            3e-05,
            1.333333e-05,
            3.333333e-06
        ]
    }
}