{
    "REST": {
        "Bacillus subtilis": [
            0.1166667,
            0.25,
            0.03333333,
            0.08333333,
            1.533333,
            1.633333,
            0.9166667,
            0.8333333,
            0.8,
            0.02833333,
            0.2083333,
            0.3666667,
            2.083333
        ],
        "Homo sapiens": [
            0.24,
            0.24
        ],
        "Saccharomyces cerevisiae": [
            0.05
        ]
    }
}