{
    "atp;rhodopsin": {
        "Homo sapiens": [
            1.0,
            1.0,
            1.2,
            1.2
        ],
        "Danio rerio": [
            0.025,
            0.02833333,
            0.86,
            0.8016667
        ]
    }
}