{
    "adp;pep": {
        "Homo sapiens": [
            355.0,
            355.0,
            355.0,
            349.0,
            350.0,
            64.9,
            64.9
        ],
        "Corynebacterium glutamicum": [
            2540.0
        ],
        "Saccharomyces cerevisiae": [
            58.4,
            66.0,
            232.0,
            226.0,
            66.0,
            226.0,
            66.0,
            226.0,
            188.0,
            195.0,
            188.0,
            195.0,
            20.146,
            20.13064,
            20.1,
            20.146,
            0.0
        ],
        "Escherichia coli": [
            123.0,
            160.0,
            132.0,
            127.0
        ],
        "Arabidopsis thaliana": [
            95000.0,
            53000.0,
            95000.0,
            53000.0
        ],
        "Trypanosoma brucei": [
            0.00056,
            0.0003083333,
            0.0002566667,
            0.0005433333,
            0.0001136667,
            0.00017,
            0.0004833333,
            0.000122,
            0.0001916667,
            0.0004766667,
            0.00018,
            0.0002083333,
            0.0005166667,
            0.00029,
            0.0002566667,
            0.00056,
            0.0002966667,
            0.0001933333,
            0.0005566667,
            0.00017,
            0.0002416667,
            0.0005233333,
            0.0001333333,
            0.0002216667,
            0.0005233333,
            0.000141,
            0.0002416667,
            0.0005716667,
            0.0001543333,
            0.0002483333,
            0.0005833333,
            0.000205,
            0.0002866667,
            0.0006116667,
            0.000195,
            0.0002733333,
            0.0004833333,
            9e-05,
            0.00029,
            7.5e-05,
            0.0004566667,
            0.0001,
            0.00014,
            0.0003866667,
            0.0001766667,
            0.0001316667,
            0.00048,
            0.00032,
            0.0001033333,
            0.0006443333,
            0.0007046667,
            0.0004831667,
            0.0005033333,
            0.0003623333,
            0.00029,
            0.0005033333,
            0.0005315,
            0.0005073333,
            0.0004588333,
            0.0003423333,
            0.0002778333,
            338.0,
            316.0,
            341.3,
            328.0,
            281.2,
            316.3,
            231.2,
            234.8
        ]
    }
}