{
    "REST": {
        "Escherichia coli": [
            1.591667e-05,
            4.033333e-05
        ],
        "Bacillus subtilis": [
            1.116667e-05,
            5.583333e-05,
            0.019
        ]
    }
}