{
    "REST": {
        "Bacillus cereus": [
            0.001966667,
            6.533333e-06,
            8.183333e-06,
            1.253333e-05,
            2.983333e-06,
            1.356667e-05,
            1.85e-05,
            1.733333e-05,
            1.816667e-05
        ],
        "Mycobacterium tuberculosis": [
            1800.0
        ]
    }
}