{
    "h2o;ichor": {
        "Escherichia coli": [
            10.0
        ]
    },
    "REST": {
        "Escherichia coli": [
            5.166667,
            9.0,
            16.33333,
            21.66667
        ]
    }
}