{
    "REST": {
        "Bos taurus": [
            56.66667,
            100.0,
            118.3333,
            191.6667,
            400.0,
            675.0,
            135.8333,
            468.3333,
            988.3333,
            16.66667,
            41.66667
        ],
        "Sus scrofa": [
            7.0,
            0.9166667,
            38.33333,
            0.07,
            0.9166667,
            0.7,
            0.05,
            0.03833333,
            0.03333333
        ],
        "Arabidopsis thaliana": [
            107.2667,
            22.78333,
            39.25
        ],
        "Solanum lycopersicum": [
            240.65,
            235.0667,
            85.68333,
            323.0,
            574.7833,
            181.0333,
            225.3833,
            101.2167,
            63.01667,
            232.6333,
            1.066667
        ]
    }
}