{
    "REST": {
        "Escherichia coli": [
            83.33333,
            470.0,
            3.333333,
            0.5783333
        ],
        "Arabidopsis thaliana": [
            879.0
        ],
        "Glycine max": [
            1484.0,
            3423.0,
            76.0,
            701.0
        ]
    }
}