{
    "REST": {
        "Bos taurus": [
            44.5,
            17.33333,
            17.33333,
            17.33333,
            17.33333
        ]
    },
    "atp;h2o": {
        "Bos taurus": [
            195.0
        ]
    },
    "ppi;h2o": {
        "Bos taurus": [
            90.0
        ]
    }
}