{
    "atp;h2o": {
        "Saccharomyces cerevisiae": [
            4.666667,
            3.5,
            5.666667,
            0.09,
            2.833333,
            0.8333333,
            0.25,
            0.2166667,
            0.3666667,
            0.01833333,
            0.02333333,
            0.0135,
            3.05,
            0.7666667,
            0.1833333,
            0.2,
            2.35,
            0.75,
            0.1833333,
            0.2,
            1.816667,
            0.6666667,
            0.1833333,
            0.1666667,
            3.033333,
            1.15,
            0.2666667,
            2.2,
            0.5833333,
            0.1333333,
            2.866667,
            0.7833333,
            0.08333333,
            0.1666667,
            3.016667,
            1.033333,
            0.2666667,
            3.733333,
            0.4,
            0.06666667,
            0.2333333,
            4.833333,
            1.25,
            0.2,
            0.25,
            3.25,
            0.8166667,
            0.08333333,
            0.1166667,
            1.216667,
            0.1833333,
            0.05,
            0.01666667,
            0.1833333,
            0.1333333
        ],
        "Homo sapiens": [
            0.004166667
        ],
        "Bamboo mosaic virus": [
            67.0
        ]
    },
    "datp;h2o": {
        "Xenopus laevis": [
            0.15
        ]
    },
    "gtp;h2o": {
        "Bamboo mosaic virus": [
            35.0
        ]
    },
    "h2o;utp": {
        "Bamboo mosaic virus": [
            24.0
        ]
    },
    "ctp;h2o": {
        "Bamboo mosaic virus": [
            30.0
        ]
    },
    "REST": {
        "Bamboo mosaic virus": [
            0.075
        ]
    }
}