{
    "gtp;h2o": {
        "Semliki forest virus": [
            3.833333
        ],
        "Mycobacterium tuberculosis": [
            0.012,
            0.0037,
            0.0088,
            0.0081,
            0.0044,
            0.0102,
            0.008,
            0.0087,
            0.0053,
            0.0077,
            0.0109,
            0.01044,
            0.01038,
            0.0079
        ]
    },
    "atp;h2o": {
        "Mycobacterium tuberculosis": [
            0.007
        ]
    }
}