{
    "atp;h2o": {
        "Saccharomyces cerevisiae": [
            0.6166667,
            0.3,
            0.95,
            0.7,
            0.45,
            1.166667,
            0.0045,
            1.266667,
            1.258333,
            0.0045
        ]
    },
    "REST": {
        "Saccharomyces cerevisiae": [
            0.01166667
        ]
    }
}