{
    "glu__L": {
        "Sus scrofa": [
            0.017,
            0.0008833333
        ],
        "Rattus norvegicus": [
            0.001366667
        ]
    }
}