{
    "fdp": {
        "Escherichia coli": [
            0.06833333
        ]
    },
    "REST": {
        "Escherichia coli": [
            4.666667,
            0.015,
            4.666667
        ]
    }
}