{
    "his__L": {
        "Lactobacillus sp.": [
            46.66667,
            46.66667,
            46.66667
        ],
        "Rattus norvegicus": [
            0.077
        ]
    }
}