{
    "atp;alaala;ugmd": {
        "Escherichia coli": [
            18.0
        ]
    },
    "REST": {
        "Escherichia coli": [
            0.5666667,
            0.9166667,
            13.83333,
            9.166667
        ]
    }
}